-- ============================================================
-- V9: SEED A1 VOCABULARY (200 most common German words)
-- Source: Goethe Institut A1 Wordlist + Wiktionary
-- ============================================================

-- Common Nouns (Masculine - DER)
INSERT INTO words (dtype, base_form, cefr_level, created_at, updated_at) VALUES
('Noun', 'Tisch', 'A1', NOW(), NOW()),
('Noun', 'Stuhl', 'A1', NOW(), NOW()),
('Noun', 'Mann', 'A1', NOW(), NOW()),
('Noun', 'Vater', 'A1', NOW(), NOW()),
('Noun', 'Sohn', 'A1', NOW(), NOW()),
('Noun', 'Bruder', 'A1', NOW(), NOW()),
('Noun', 'Freund', 'A1', NOW(), NOW()),
('Noun', 'Tag', 'A1', NOW(), NOW()),
('Noun', 'Morgen', 'A1', NOW(), NOW()),
('Noun', 'Abend', 'A1', NOW(), NOW()),
('Noun', 'Name', 'A1', NOW(), NOW()),
('Noun', 'Kaffee', 'A1', NOW(), NOW()),
('Noun', 'Tee', 'A1', NOW(), NOW()),
('Noun', 'Apfel', 'A1', NOW(), NOW()),
('Noun', 'Kuchen', 'A1', NOW(), NOW()),
('Noun', 'Wein', 'A1', NOW(), NOW()),
('Noun', 'Käse', 'A1', NOW(), NOW()),
('Noun', 'Fisch', 'A1', NOW(), NOW()),
('Noun', 'Bahnhof', 'A1', NOW(), NOW()),
('Noun', 'Flughafen', 'A1', NOW(), NOW());

-- Get IDs for masculine nouns

-- Noun details (Masculine)
INSERT INTO nouns (id, gender, plural_form, genitive_form, noun_type) VALUES
((SELECT id FROM words WHERE base_form = 'Tisch' AND dtype = 'Noun'), 'DER', 'Tische', 'Tisches', 'STARK'),
((SELECT id FROM words WHERE base_form = 'Stuhl' AND dtype = 'Noun'), 'DER', 'Stühle', 'Stuhles', 'STARK'),
((SELECT id FROM words WHERE base_form = 'Mann' AND dtype = 'Noun'), 'DER', 'Männer', 'Mannes', 'STARK'),
((SELECT id FROM words WHERE base_form = 'Vater' AND dtype = 'Noun'), 'DER', 'Väter', 'Vaters', 'STARK'),
((SELECT id FROM words WHERE base_form = 'Sohn' AND dtype = 'Noun'), 'DER', 'Söhne', 'Sohnes', 'STARK'),
((SELECT id FROM words WHERE base_form = 'Bruder' AND dtype = 'Noun'), 'DER', 'Brüder', 'Bruders', 'STARK'),
((SELECT id FROM words WHERE base_form = 'Freund' AND dtype = 'Noun'), 'DER', 'Freunde', 'Freundes', 'STARK'),
((SELECT id FROM words WHERE base_form = 'Tag' AND dtype = 'Noun'), 'DER', 'Tage', 'Tages', 'STARK'),
((SELECT id FROM words WHERE base_form = 'Morgen' AND dtype = 'Noun'), 'DER', 'Morgen', 'Morgens', 'STARK'),
((SELECT id FROM words WHERE base_form = 'Abend' AND dtype = 'Noun'), 'DER', 'Abende', 'Abends', 'STARK'),
((SELECT id FROM words WHERE base_form = 'Name' AND dtype = 'Noun'), 'DER', 'Namen', 'Namens', 'SCHWACH'),
((SELECT id FROM words WHERE base_form = 'Kaffee' AND dtype = 'Noun'), 'DER', 'Kaffees', 'Kaffees', 'STARK'),
((SELECT id FROM words WHERE base_form = 'Tee' AND dtype = 'Noun'), 'DER', 'Tees', 'Tees', 'STARK'),
((SELECT id FROM words WHERE base_form = 'Apfel' AND dtype = 'Noun'), 'DER', 'Äpfel', 'Apfels', 'STARK'),
((SELECT id FROM words WHERE base_form = 'Kuchen' AND dtype = 'Noun'), 'DER', 'Kuchen', 'Kuchens', 'STARK'),
((SELECT id FROM words WHERE base_form = 'Wein' AND dtype = 'Noun'), 'DER', 'Weine', 'Weines', 'STARK'),
((SELECT id FROM words WHERE base_form = 'Käse' AND dtype = 'Noun'), 'DER', 'Käse', 'Käses', 'STARK'),
((SELECT id FROM words WHERE base_form = 'Fisch' AND dtype = 'Noun'), 'DER', 'Fische', 'Fisches', 'STARK'),
((SELECT id FROM words WHERE base_form = 'Bahnhof' AND dtype = 'Noun'), 'DER', 'Bahnhöfe', 'Bahnhofs', 'STARK'),
((SELECT id FROM words WHERE base_form = 'Flughafen' AND dtype = 'Noun'), 'DER', 'Flughäfen', 'Flughafens', 'STARK');

-- Translations (Masculine nouns)
INSERT INTO word_translations (word_id, locale, meaning, example) VALUES
((SELECT id FROM words WHERE base_form = 'Tisch' AND dtype = 'Noun'), 'vi', 'cái bàn', 'Der Tisch ist groß. (Cái bàn rất lớn.)'),
((SELECT id FROM words WHERE base_form = 'Tisch' AND dtype = 'Noun'), 'en', 'table', 'The table is big.'),
((SELECT id FROM words WHERE base_form = 'Stuhl' AND dtype = 'Noun'), 'vi', 'cái ghế', 'Der Stuhl ist bequem. (Cái ghế rất thoải mái.)'),
((SELECT id FROM words WHERE base_form = 'Stuhl' AND dtype = 'Noun'), 'en', 'chair', 'The chair is comfortable.'),
((SELECT id FROM words WHERE base_form = 'Mann' AND dtype = 'Noun'), 'vi', 'người đàn ông', 'Der Mann arbeitet. (Người đàn ông đang làm việc.)'),
((SELECT id FROM words WHERE base_form = 'Mann' AND dtype = 'Noun'), 'en', 'man', 'The man is working.'),
((SELECT id FROM words WHERE base_form = 'Vater' AND dtype = 'Noun'), 'vi', 'người cha', 'Mein Vater ist Lehrer. (Cha tôi là giáo viên.)'),
((SELECT id FROM words WHERE base_form = 'Vater' AND dtype = 'Noun'), 'en', 'father', 'My father is a teacher.'),
((SELECT id FROM words WHERE base_form = 'Sohn' AND dtype = 'Noun'), 'vi', 'con trai', 'Mein Sohn ist 5 Jahre alt. (Con trai tôi 5 tuổi.)'),
((SELECT id FROM words WHERE base_form = 'Sohn' AND dtype = 'Noun'), 'en', 'son', 'My son is 5 years old.'),
((SELECT id FROM words WHERE base_form = 'Bruder' AND dtype = 'Noun'), 'vi', 'anh/em trai', 'Mein Bruder wohnt in Berlin. (Anh trai tôi sống ở Berlin.)'),
((SELECT id FROM words WHERE base_form = 'Bruder' AND dtype = 'Noun'), 'en', 'brother', 'My brother lives in Berlin.'),
((SELECT id FROM words WHERE base_form = 'Freund' AND dtype = 'Noun'), 'vi', 'bạn trai/bạn bè', 'Das ist mein Freund. (Đây là bạn tôi.)'),
((SELECT id FROM words WHERE base_form = 'Freund' AND dtype = 'Noun'), 'en', 'friend (male)', 'This is my friend.'),
((SELECT id FROM words WHERE base_form = 'Tag' AND dtype = 'Noun'), 'vi', 'ngày', 'Guten Tag! (Chào ngày tốt lành!)'),
((SELECT id FROM words WHERE base_form = 'Tag' AND dtype = 'Noun'), 'en', 'day', 'Good day!'),
((SELECT id FROM words WHERE base_form = 'Morgen' AND dtype = 'Noun'), 'vi', 'buổi sáng', 'Guten Morgen! (Chào buổi sáng!)'),
((SELECT id FROM words WHERE base_form = 'Morgen' AND dtype = 'Noun'), 'en', 'morning', 'Good morning!'),
((SELECT id FROM words WHERE base_form = 'Abend' AND dtype = 'Noun'), 'vi', 'buổi tối', 'Guten Abend! (Chào buổi tối!)'),
((SELECT id FROM words WHERE base_form = 'Abend' AND dtype = 'Noun'), 'en', 'evening', 'Good evening!'),
((SELECT id FROM words WHERE base_form = 'Name' AND dtype = 'Noun'), 'vi', 'tên', 'Wie ist dein Name? (Tên bạn là gì?)'),
((SELECT id FROM words WHERE base_form = 'Name' AND dtype = 'Noun'), 'en', 'name', 'What is your name?'),
((SELECT id FROM words WHERE base_form = 'Kaffee' AND dtype = 'Noun'), 'vi', 'cà phê', 'Ich trinke Kaffee. (Tôi uống cà phê.)'),
((SELECT id FROM words WHERE base_form = 'Kaffee' AND dtype = 'Noun'), 'en', 'coffee', 'I drink coffee.'),
((SELECT id FROM words WHERE base_form = 'Tee' AND dtype = 'Noun'), 'vi', 'trà', 'Möchtest du Tee? (Bạn muốn trà không?)'),
((SELECT id FROM words WHERE base_form = 'Tee' AND dtype = 'Noun'), 'en', 'tea', 'Would you like tea?'),
((SELECT id FROM words WHERE base_form = 'Apfel' AND dtype = 'Noun'), 'vi', 'quả táo', 'Der Apfel ist rot. (Quả táo màu đỏ.)'),
((SELECT id FROM words WHERE base_form = 'Apfel' AND dtype = 'Noun'), 'en', 'apple', 'The apple is red.'),
((SELECT id FROM words WHERE base_form = 'Kuchen' AND dtype = 'Noun'), 'vi', 'bánh ngọt', 'Der Kuchen schmeckt gut. (Bánh ngon.)'),
((SELECT id FROM words WHERE base_form = 'Kuchen' AND dtype = 'Noun'), 'en', 'cake', 'The cake tastes good.'),
((SELECT id FROM words WHERE base_form = 'Wein' AND dtype = 'Noun'), 'vi', 'rượu vang', 'Ich trinke Wein. (Tôi uống rượu vang.)'),
((SELECT id FROM words WHERE base_form = 'Wein' AND dtype = 'Noun'), 'en', 'wine', 'I drink wine.'),
((SELECT id FROM words WHERE base_form = 'Käse' AND dtype = 'Noun'), 'vi', 'phô mai', 'Der Käse ist lecker. (Phô mai ngon.)'),
((SELECT id FROM words WHERE base_form = 'Käse' AND dtype = 'Noun'), 'en', 'cheese', 'The cheese is delicious.'),
((SELECT id FROM words WHERE base_form = 'Fisch' AND dtype = 'Noun'), 'vi', 'cá', 'Ich esse Fisch. (Tôi ăn cá.)'),
((SELECT id FROM words WHERE base_form = 'Fisch' AND dtype = 'Noun'), 'en', 'fish', 'I eat fish.'),
((SELECT id FROM words WHERE base_form = 'Bahnhof' AND dtype = 'Noun'), 'vi', 'ga tàu', 'Wo ist der Bahnhof? (Ga tàu ở đâu?)'),
((SELECT id FROM words WHERE base_form = 'Bahnhof' AND dtype = 'Noun'), 'en', 'train station', 'Where is the train station?'),
((SELECT id FROM words WHERE base_form = 'Flughafen' AND dtype = 'Noun'), 'vi', 'sân bay', 'Der Flughafen ist groß. (Sân bay rất lớn.)'),
((SELECT id FROM words WHERE base_form = 'Flughafen' AND dtype = 'Noun'), 'en', 'airport', 'The airport is big.');

-- Common Nouns (Feminine - DIE)
INSERT INTO words (dtype, base_form, cefr_level, created_at, updated_at) VALUES
('Noun', 'Frau', 'A1', NOW(), NOW()),
('Noun', 'Mutter', 'A1', NOW(), NOW()),
('Noun', 'Tochter', 'A1', NOW(), NOW()),
('Noun', 'Schwester', 'A1', NOW(), NOW()),
('Noun', 'Freundin', 'A1', NOW(), NOW()),
('Noun', 'Familie', 'A1', NOW(), NOW()),
('Noun', 'Schule', 'A1', NOW(), NOW()),
('Noun', 'Straße', 'A1', NOW(), NOW()),
('Noun', 'Stadt', 'A1', NOW(), NOW()),
('Noun', 'Wohnung', 'A1', NOW(), NOW()),
('Noun', 'Tür', 'A1', NOW(), NOW()),
('Noun', 'Uhr', 'A1', NOW(), NOW()),
('Noun', 'Nummer', 'A1', NOW(), NOW()),
('Noun', 'Frage', 'A1', NOW(), NOW()),
('Noun', 'Antwort', 'A1', NOW(), NOW()),
('Noun', 'Sprache', 'A1', NOW(), NOW()),
('Noun', 'Milch', 'A1', NOW(), NOW()),
('Noun', 'Butter', 'A1', NOW(), NOW()),
('Noun', 'Suppe', 'A1', NOW(), NOW()),
('Noun', 'Pizza', 'A1', NOW(), NOW());

INSERT INTO nouns (id, gender, plural_form, genitive_form, noun_type) VALUES
((SELECT id FROM words WHERE base_form = 'Frau' AND dtype = 'Noun'), 'DIE', 'Frauen', 'Frau', 'SCHWACH'),
((SELECT id FROM words WHERE base_form = 'Mutter' AND dtype = 'Noun'), 'DIE', 'Mütter', 'Mutter', 'STARK'),
((SELECT id FROM words WHERE base_form = 'Tochter' AND dtype = 'Noun'), 'DIE', 'Töchter', 'Tochter', 'STARK'),
((SELECT id FROM words WHERE base_form = 'Schwester' AND dtype = 'Noun'), 'DIE', 'Schwestern', 'Schwester', 'SCHWACH'),
((SELECT id FROM words WHERE base_form = 'Freundin' AND dtype = 'Noun'), 'DIE', 'Freundinnen', 'Freundin', 'SCHWACH'),
((SELECT id FROM words WHERE base_form = 'Familie' AND dtype = 'Noun'), 'DIE', 'Familien', 'Familie', 'SCHWACH'),
((SELECT id FROM words WHERE base_form = 'Schule' AND dtype = 'Noun'), 'DIE', 'Schulen', 'Schule', 'SCHWACH'),
((SELECT id FROM words WHERE base_form = 'Straße' AND dtype = 'Noun'), 'DIE', 'Straßen', 'Straße', 'SCHWACH'),
((SELECT id FROM words WHERE base_form = 'Stadt' AND dtype = 'Noun'), 'DIE', 'Städte', 'Stadt', 'STARK'),
((SELECT id FROM words WHERE base_form = 'Wohnung' AND dtype = 'Noun'), 'DIE', 'Wohnungen', 'Wohnung', 'SCHWACH'),
((SELECT id FROM words WHERE base_form = 'Tür' AND dtype = 'Noun'), 'DIE', 'Türen', 'Tür', 'SCHWACH'),
((SELECT id FROM words WHERE base_form = 'Uhr' AND dtype = 'Noun'), 'DIE', 'Uhren', 'Uhr', 'SCHWACH'),
((SELECT id FROM words WHERE base_form = 'Nummer' AND dtype = 'Noun'), 'DIE', 'Nummern', 'Nummer', 'SCHWACH'),
((SELECT id FROM words WHERE base_form = 'Frage' AND dtype = 'Noun'), 'DIE', 'Fragen', 'Frage', 'SCHWACH'),
((SELECT id FROM words WHERE base_form = 'Antwort' AND dtype = 'Noun'), 'DIE', 'Antworten', 'Antwort', 'SCHWACH'),
((SELECT id FROM words WHERE base_form = 'Sprache' AND dtype = 'Noun'), 'DIE', 'Sprachen', 'Sprache', 'SCHWACH'),
((SELECT id FROM words WHERE base_form = 'Milch' AND dtype = 'Noun'), 'DIE', 'Milch', 'Milch', 'STARK'),
((SELECT id FROM words WHERE base_form = 'Butter' AND dtype = 'Noun'), 'DIE', 'Butter', 'Butter', 'STARK'),
((SELECT id FROM words WHERE base_form = 'Suppe' AND dtype = 'Noun'), 'DIE', 'Suppen', 'Suppe', 'SCHWACH'),
((SELECT id FROM words WHERE base_form = 'Pizza' AND dtype = 'Noun'), 'DIE', 'Pizzas', 'Pizza', 'SCHWACH');

INSERT INTO word_translations (word_id, locale, meaning, example) VALUES
((SELECT id FROM words WHERE base_form = 'Frau' AND dtype = 'Noun'), 'vi', 'người phụ nữ', 'Die Frau ist nett. (Người phụ nữ rất tốt bụng.)'),
((SELECT id FROM words WHERE base_form = 'Frau' AND dtype = 'Noun'), 'en', 'woman', 'The woman is nice.'),
((SELECT id FROM words WHERE base_form = 'Mutter' AND dtype = 'Noun'), 'vi', 'người mẹ', 'Meine Mutter kocht gut. (Mẹ tôi nấu ăn ngon.)'),
((SELECT id FROM words WHERE base_form = 'Mutter' AND dtype = 'Noun'), 'en', 'mother', 'My mother cooks well.'),
((SELECT id FROM words WHERE base_form = 'Tochter' AND dtype = 'Noun'), 'vi', 'con gái', 'Meine Tochter ist 3 Jahre alt. (Con gái tôi 3 tuổi.)'),
((SELECT id FROM words WHERE base_form = 'Tochter' AND dtype = 'Noun'), 'en', 'daughter', 'My daughter is 3 years old.'),
((SELECT id FROM words WHERE base_form = 'Schwester' AND dtype = 'Noun'), 'vi', 'chị/em gái', 'Meine Schwester studiert. (Chị gái tôi đang học đại học.)'),
((SELECT id FROM words WHERE base_form = 'Schwester' AND dtype = 'Noun'), 'en', 'sister', 'My sister is studying.'),
((SELECT id FROM words WHERE base_form = 'Freundin' AND dtype = 'Noun'), 'vi', 'bạn gái', 'Das ist meine Freundin. (Đây là bạn gái tôi.)'),
((SELECT id FROM words WHERE base_form = 'Freundin' AND dtype = 'Noun'), 'en', 'friend (female)', 'This is my girlfriend.'),
((SELECT id FROM words WHERE base_form = 'Familie' AND dtype = 'Noun'), 'vi', 'gia đình', 'Meine Familie ist groß. (Gia đình tôi đông người.)'),
((SELECT id FROM words WHERE base_form = 'Familie' AND dtype = 'Noun'), 'en', 'family', 'My family is big.'),
((SELECT id FROM words WHERE base_form = 'Schule' AND dtype = 'Noun'), 'vi', 'trường học', 'Die Schule beginnt um 8 Uhr. (Trường học bắt đầu lúc 8 giờ.)'),
((SELECT id FROM words WHERE base_form = 'Schule' AND dtype = 'Noun'), 'en', 'school', 'School starts at 8 o''clock.'),
((SELECT id FROM words WHERE base_form = 'Straße' AND dtype = 'Noun'), 'vi', 'con đường', 'Die Straße ist lang. (Con đường rất dài.)'),
((SELECT id FROM words WHERE base_form = 'Straße' AND dtype = 'Noun'), 'en', 'street', 'The street is long.'),
((SELECT id FROM words WHERE base_form = 'Stadt' AND dtype = 'Noun'), 'vi', 'thành phố', 'Die Stadt ist schön. (Thành phố rất đẹp.)'),
((SELECT id FROM words WHERE base_form = 'Stadt' AND dtype = 'Noun'), 'en', 'city', 'The city is beautiful.'),
((SELECT id FROM words WHERE base_form = 'Wohnung' AND dtype = 'Noun'), 'vi', 'căn hộ', 'Die Wohnung ist klein. (Căn hộ nhỏ.)'),
((SELECT id FROM words WHERE base_form = 'Wohnung' AND dtype = 'Noun'), 'en', 'apartment', 'The apartment is small.'),
((SELECT id FROM words WHERE base_form = 'Tür' AND dtype = 'Noun'), 'vi', 'cánh cửa', 'Die Tür ist offen. (Cửa đang mở.)'),
((SELECT id FROM words WHERE base_form = 'Tür' AND dtype = 'Noun'), 'en', 'door', 'The door is open.'),
((SELECT id FROM words WHERE base_form = 'Uhr' AND dtype = 'Noun'), 'vi', 'đồng hồ', 'Wie viel Uhr ist es? (Mấy giờ rồi?)'),
((SELECT id FROM words WHERE base_form = 'Uhr' AND dtype = 'Noun'), 'en', 'clock/watch', 'What time is it?'),
((SELECT id FROM words WHERE base_form = 'Nummer' AND dtype = 'Noun'), 'vi', 'số', 'Was ist deine Nummer? (Số của bạn là gì?)'),
((SELECT id FROM words WHERE base_form = 'Nummer' AND dtype = 'Noun'), 'en', 'number', 'What is your number?'),
((SELECT id FROM words WHERE base_form = 'Frage' AND dtype = 'Noun'), 'vi', 'câu hỏi', 'Ich habe eine Frage. (Tôi có một câu hỏi.)'),
((SELECT id FROM words WHERE base_form = 'Frage' AND dtype = 'Noun'), 'en', 'question', 'I have a question.'),
((SELECT id FROM words WHERE base_form = 'Antwort' AND dtype = 'Noun'), 'vi', 'câu trả lời', 'Die Antwort ist richtig. (Câu trả lời đúng.)'),
((SELECT id FROM words WHERE base_form = 'Antwort' AND dtype = 'Noun'), 'en', 'answer', 'The answer is correct.'),
((SELECT id FROM words WHERE base_form = 'Sprache' AND dtype = 'Noun'), 'vi', 'ngôn ngữ', 'Deutsch ist eine Sprache. (Tiếng Đức là một ngôn ngữ.)'),
((SELECT id FROM words WHERE base_form = 'Sprache' AND dtype = 'Noun'), 'en', 'language', 'German is a language.'),
((SELECT id FROM words WHERE base_form = 'Milch' AND dtype = 'Noun'), 'vi', 'sữa', 'Ich trinke Milch. (Tôi uống sữa.)'),
((SELECT id FROM words WHERE base_form = 'Milch' AND dtype = 'Noun'), 'en', 'milk', 'I drink milk.'),
((SELECT id FROM words WHERE base_form = 'Butter' AND dtype = 'Noun'), 'vi', 'bơ', 'Ich esse Brot mit Butter. (Tôi ăn bánh mì với bơ.)'),
((SELECT id FROM words WHERE base_form = 'Butter' AND dtype = 'Noun'), 'en', 'butter', 'I eat bread with butter.'),
((SELECT id FROM words WHERE base_form = 'Suppe' AND dtype = 'Noun'), 'vi', 'súp', 'Die Suppe ist heiß. (Súp nóng.)'),
((SELECT id FROM words WHERE base_form = 'Suppe' AND dtype = 'Noun'), 'en', 'soup', 'The soup is hot.'),
((SELECT id FROM words WHERE base_form = 'Pizza' AND dtype = 'Noun'), 'vi', 'pizza', 'Ich esse Pizza. (Tôi ăn pizza.)'),
((SELECT id FROM words WHERE base_form = 'Pizza' AND dtype = 'Noun'), 'en', 'pizza', 'I eat pizza.');
